{
	"Collider" : 
	{
		"BoxCollider" : 
		{
			"BoxColliderCenter" : 
			{
				"X" : 2322.977294921875,
				"Y" : -384.12005615234375
			},
			"BoxColliderOffset" : 
			{
				"X" : 0.0,
				"Y" : 0.0
			},
			"BoxColliderSizeScale" : 
			{
				"X" : 1.0,
				"Y" : 1.0
			},
			"BoxColliderVertices" : 
			[
				{
					"x" : -334.46054077148438,
					"y" : 141.92396545410156
				},
				{
					"x" : 334.46054077148438,
					"y" : 141.92396545410156
				},
				{
					"x" : 334.46054077148438,
					"y" : -141.92396545410156
				},
				{
					"x" : -334.46054077148438,
					"y" : -141.92396545410156
				}
			]
		},
		"BoxColliderEnabled" : true,
		"CircleColliderEnabled" : false,
		"CollidingEntity" : 2,
		"ResponseEnabled" : true
	},
	"Name" : "Platform",
	"RigidBody" : 
	{
		"RigidBodyAccelerationX" : 0.0,
		"RigidBodyAccelerationY" : -981.0,
		"RigidBodyAngularVelocity" : 0.0,
		"RigidBodyArea" : 189871.859375,
		"RigidBodyBodyType" : 0,
		"RigidBodyDensity" : 0.0,
		"RigidBodyForceX" : 0.0,
		"RigidBodyForceY" : 0.0,
		"RigidBodyInvMass" : 0.0,
		"RigidBodyMass" : 0.0,
		"RigidBodyRestitution" : 0.5,
		"RigidBodyVelocityX" : 0.0,
		"RigidBodyVelocityY" : 0.0,
		"RigidbodyGravityScale" : 0.0,
		"mDynamicFriction" : 0.40000000596046448,
		"mStaticFriction" : 0.60000002384185791
	},
	"Signature" : "00000000000000000000010000000111",
	"Sprite" : 
	{
		"AnimationIndex" : 0,
		"Layer" : 1,
		"SpriteColorX" : 0.60000002384185791,
		"SpriteColorY" : 0.60000002384185791,
		"SpriteColorZ" : 0.60000002384185791,
		"SpriteCurrentTexIndex" : 0,
		"SpriteFilename" : "",
		"SpriteName" : "Quad",
		"SpritePrimitiveType" : 5,
		"SpriteTexture" : 0,
		"SpriteTextureHeight" : 0,
		"SpriteTextureIndex" : 0,
		"SpriteTextureWidth" : 0,
		"SpriteTransformRotation" : 292.3560791015625,
		"SpriteTransformScalingX" : 668.92108154296875,
		"SpriteTransformScalingY" : 283.84793090820313,
		"SpriteTransformWorldPositionX" : 2322.977294921875,
		"SpriteTransformWorldPositionY" : -384.12005615234375,
		"animations" : []
	},
	"Transform" : 
	{
		"TransformRotation" : 292.3560791015625,
		"TransformScalingX" : 668.92108154296875,
		"TransformScalingY" : 283.84793090820313,
		"TransformWorldPositionX" : 2322.977294921875,
		"TransformWorldPositionY" : -384.12005615234375
	}
}