{
	"Collider" : 
	{
		"BoxCollider" : 
		{
			"BoxColliderCenter" : 
			{
				"X" : 294.83950805664063,
				"Y" : -217.89289855957031
			},
			"BoxColliderOffset" : 
			{
				"X" : 0.0,
				"Y" : 0.0
			},
			"BoxColliderSizeScale" : 
			{
				"X" : 1.0,
				"Y" : 1.0
			},
			"BoxColliderVertices" : 
			[
				{
					"x" : -215.21115112304688,
					"y" : 78.274940490722656
				},
				{
					"x" : 215.21115112304688,
					"y" : 78.274940490722656
				},
				{
					"x" : 215.21115112304688,
					"y" : -78.274940490722656
				},
				{
					"x" : -215.21115112304688,
					"y" : -78.274940490722656
				}
			]
		},
		"BoxColliderEnabled" : true,
		"CircleColliderEnabled" : false,
		"CollidingEntity" : 1,
		"ResponseEnabled" : true
	},
	"Name" : "Platform",
	"RigidBody" : 
	{
		"RigidBodyAccelerationX" : 0.0,
		"RigidBodyAccelerationY" : -981.0,
		"RigidBodyAngularVelocity" : 0.0,
		"RigidBodyArea" : 67382.5625,
		"RigidBodyBodyType" : 0,
		"RigidBodyDensity" : 0.0,
		"RigidBodyForceX" : 0.0,
		"RigidBodyForceY" : 0.0,
		"RigidBodyInvMass" : 0.0,
		"RigidBodyMass" : 0.0,
		"RigidBodyRestitution" : 0.5,
		"RigidBodyVelocityX" : 0.0,
		"RigidBodyVelocityY" : 0.0,
		"RigidbodyGravityScale" : 0.0,
		"mDynamicFriction" : 0.40000000596046448,
		"mStaticFriction" : 0.60000002384185791
	},
	"Signature" : "00000000000000000000010000000111",
	"Sprite" : 
	{
		"AnimationIndex" : 0,
		"Layer" : 1,
		"SpriteColorX" : 0.60000002384185791,
		"SpriteColorY" : 0.60000002384185791,
		"SpriteColorZ" : 0.60000002384185791,
		"SpriteCurrentTexIndex" : 0,
		"SpriteFilename" : "",
		"SpriteName" : "Quad",
		"SpritePrimitiveType" : 5,
		"SpriteTexture" : 0,
		"SpriteTextureHeight" : 0,
		"SpriteTextureIndex" : 0,
		"SpriteTextureWidth" : 0,
		"SpriteTransformRotation" : 90.0,
		"SpriteTransformScalingX" : 430.42230224609375,
		"SpriteTransformScalingY" : 156.54988098144531,
		"SpriteTransformWorldPositionX" : 294.83950805664063,
		"SpriteTransformWorldPositionY" : -217.89289855957031,
		"animations" : []
	},
	"Transform" : 
	{
		"TransformRotation" : 90.0,
		"TransformScalingX" : 430.42230224609375,
		"TransformScalingY" : 156.54988098144531,
		"TransformWorldPositionX" : 294.83950805664063,
		"TransformWorldPositionY" : -217.89289855957031
	}
}