{
	"Category" : 
	{
		"Category" : "RightHandBoss"
	},
	"Collider" : 
	{
		"BoxCollider" : 
		{
			"BoxColliderCenter" : 
			{
				"X" : 143.86062622070312,
				"Y" : -679.40130615234375
			},
			"BoxColliderOffset" : 
			{
				"X" : 0.0,
				"Y" : 0.0
			},
			"BoxColliderSizeScale" : 
			{
				"X" : 0.30000001192092896,
				"Y" : 0.30000001192092896
			},
			"BoxColliderVertices" : 
			[
				{
					"x" : -227.40451049804688,
					"y" : 132.80101013183594
				},
				{
					"x" : 227.40451049804688,
					"y" : 132.80101013183594
				},
				{
					"x" : 227.40451049804688,
					"y" : -132.80101013183594
				},
				{
					"x" : -227.40451049804688,
					"y" : -132.80101013183594
				}
			]
		},
		"BoxColliderEnabled" : true,
		"CircleColliderEnabled" : false,
		"ResponseEnabled" : true
	},
	"Name" : "BossRightHand",
	"RigidBody" : 
	{
		"RigidBodyAccelerationX" : 0.0,
		"RigidBodyAccelerationY" : 0.0,
		"RigidBodyAngularVelocity" : 0.0,
		"RigidBodyArea" : 0.0,
		"RigidBodyBodyType" : 1,
		"RigidBodyDensity" : 0.0,
		"RigidBodyForceX" : 0.0,
		"RigidBodyForceY" : 0.0,
		"RigidBodyInvMass" : 9.9999998377515902e-18,
		"RigidBodyMass" : 99999998430674944.0,
		"RigidBodyRestitution" : 0.5,
		"RigidBodyVelocityX" : 0.0,
		"RigidBodyVelocityY" : 0.0,
		"RigidbodyGravityScale" : 0.0,
		"mDynamicFriction" : 0.40000000596046448,
		"mStaticFriction" : 0.60000002384185791
	},
	"Signature" : "00000000000000000010010000000111",
	"Sprite" : 
	{
		"AnimationIndex" : 0,
		"Layer" : 3,
		"SpriteColorA" : 1.0,
		"SpriteColorX" : 1.0,
		"SpriteColorY" : 1.0,
		"SpriteColorZ" : 1.0,
		"SpriteCurrentTexIndex" : 0,
		"SpriteFilename" : "BossClap 6R4C.png",
		"SpriteName" : "Quad",
		"SpritePrimitiveType" : 5,
		"SpriteTexture" : 29,
		"SpriteTextureHeight" : 1794,
		"SpriteTextureIndex" : 12,
		"SpriteTextureWidth" : 2048,
		"SpriteTransformRotation" : 0.0,
		"SpriteTransformScalingX" : 1516.030029296875,
		"SpriteTransformScalingY" : 885.34002685546875,
		"SpriteTransformWorldPositionX" : 143.86062622070312,
		"SpriteTransformWorldPositionY" : -679.40130615234375,
		"animations" : 
		[
			{
				"Name" : "clap",
				"animation_duration" : 1.0,
				"frame_dimension_x" : 0.25,
				"frame_dimension_y" : 0.1666666716337204,
				"frame_index_x" : 2.0,
				"frame_index_y" : 0.0,
				"frame_timer" : 0.016666671261191368,
				"time_per_frame" : 0.041666667908430099,
				"x_frames" : 4,
				"y_frames" : 6
			}
		]
	},
	"Transform" : 
	{
		"TransformRotation" : 0.0,
		"TransformScalingX" : 1516.030029296875,
		"TransformScalingY" : 885.34002685546875,
		"TransformWorldPositionX" : 143.86062622070312,
		"TransformWorldPositionY" : -679.40130615234375
	}
}