{
	"Collider" : 
	{
		"BoxCollider" : 
		{
			"BoxColliderCenter" : 
			{
				"X" : 3549.969482421875,
				"Y" : -173.44212341308594
			},
			"BoxColliderOffset" : 
			{
				"X" : 0.0,
				"Y" : 0.0
			},
			"BoxColliderSizeScale" : 
			{
				"X" : 1.0,
				"Y" : 1.0
			},
			"BoxColliderVertices" : 
			[
				{
					"x" : -16.666666030883789,
					"y" : 1.0
				},
				{
					"x" : 16.666666030883789,
					"y" : 1.0
				},
				{
					"x" : 16.666666030883789,
					"y" : -1.0
				},
				{
					"x" : -16.666666030883789,
					"y" : -1.0
				}
			]
		},
		"BoxColliderEnabled" : true,
		"CircleColliderEnabled" : false,
		"ResponseEnabled" : false
	},
	"Name" : "FeetCollider",
	"RigidBody" : 
	{
		"RigidBodyAccelerationX" : 0.0,
		"RigidBodyAccelerationY" : -981.0,
		"RigidBodyAngularVelocity" : 0.0,
		"RigidBodyArea" : 66.666664123535156,
		"RigidBodyBodyType" : 3,
		"RigidBodyDensity" : 0.0,
		"RigidBodyForceX" : 0.0,
		"RigidBodyForceY" : 0.0,
		"RigidBodyInvMass" : 0.0,
		"RigidBodyMass" : 0.0,
		"RigidBodyRestitution" : 0.5,
		"RigidBodyVelocityX" : 0.0,
		"RigidBodyVelocityY" : 0.0,
		"RigidbodyGravityScale" : 1.0,
		"mDynamicFriction" : 0.40000000596046448,
		"mStaticFriction" : 0.60000002384185791
	},
	"Signature" : "00000000000000000000010000000110",
	"Transform" : 
	{
		"TransformRotation" : 0.0,
		"TransformScalingX" : 33.333332061767578,
		"TransformScalingY" : 2.0,
		"TransformWorldPositionX" : 3549.969482421875,
		"TransformWorldPositionY" : -173.44212341308594
	}
}