{
	"Collider" : 
	{
		"BoxCollider" : 
		{
			"BoxColliderCenter" : 
			{
				"X" : 9600.8623046875,
				"Y" : 618.51214599609375
			},
			"BoxColliderOffset" : 
			{
				"X" : 0.0,
				"Y" : 0.0
			},
			"BoxColliderSizeScale" : 
			{
				"X" : 1.0,
				"Y" : 1.0
			},
			"BoxColliderVertices" : 
			[
				{
					"x" : -44.192432403564453,
					"y" : 190.48501586914062
				},
				{
					"x" : 44.192432403564453,
					"y" : 190.48501586914062
				},
				{
					"x" : 44.192432403564453,
					"y" : -190.48501586914062
				},
				{
					"x" : -44.192432403564453,
					"y" : -190.48501586914062
				}
			]
		},
		"BoxColliderEnabled" : true,
		"CircleColliderEnabled" : false,
		"ResponseEnabled" : true
	},
	"Name" : "Spikes",
	"RigidBody" : 
	{
		"RigidBodyAccelerationX" : 0.0,
		"RigidBodyAccelerationY" : 0.0,
		"RigidBodyAngularVelocity" : 0.0,
		"RigidBodyArea" : 62829.58203125,
		"RigidBodyBodyType" : 5,
		"RigidBodyDensity" : 0.0,
		"RigidBodyForceX" : 0.0,
		"RigidBodyForceY" : 0.0,
		"RigidBodyInvMass" : 0.0,
		"RigidBodyMass" : 0.0,
		"RigidBodyRestitution" : 0.5,
		"RigidBodyVelocityX" : 0.0,
		"RigidBodyVelocityY" : 0.0,
		"RigidbodyGravityScale" : 0.0,
		"mDynamicFriction" : 0.40000000596046448,
		"mStaticFriction" : 0.60000002384185791
	},
	"Script" : 
	{
		"ScriptName" : "SpikeScript"
	},
	"Signature" : "00000000000000000000010000100111",
	"Sprite" : 
	{
		"AnimationIndex" : 0,
		"Layer" : 1,
		"SpriteColorA" : 0.0,
		"SpriteColorX" : 1.0,
		"SpriteColorY" : 0.0,
		"SpriteColorZ" : 0.0,
		"SpriteCurrentTexIndex" : 0,
		"SpriteFilename" : "",
		"SpriteName" : "Quad",
		"SpritePrimitiveType" : 5,
		"SpriteTexture" : 0,
		"SpriteTextureHeight" : 0,
		"SpriteTextureIndex" : 0,
		"SpriteTextureWidth" : 0,
		"SpriteTransformRotation" : 14.46368408203125,
		"SpriteTransformScalingX" : 88.384864807128906,
		"SpriteTransformScalingY" : 380.97003173828125,
		"SpriteTransformWorldPositionX" : 9600.8623046875,
		"SpriteTransformWorldPositionY" : 618.51214599609375,
		"animations" : []
	},
	"Transform" : 
	{
		"TransformRotation" : 14.46368408203125,
		"TransformScalingX" : 88.384864807128906,
		"TransformScalingY" : 380.97003173828125,
		"TransformWorldPositionX" : 9600.8623046875,
		"TransformWorldPositionY" : 618.51214599609375
	}
}