{
	"Collider" : 
	{
		"BoxCollider" : 
		{
			"BoxColliderCenter" : 
			{
				"X" : 352.75167846679688,
				"Y" : -149.83071899414063
			},
			"BoxColliderOffset" : 
			{
				"X" : 0.0,
				"Y" : 0.0
			},
			"BoxColliderSizeScale" : 
			{
				"X" : 1.0,
				"Y" : 1.0
			},
			"BoxColliderVertices" : 
			[
				{
					"x" : -108.9910888671875,
					"y" : 26.512428283691406
				},
				{
					"x" : 108.9910888671875,
					"y" : 26.512428283691406
				},
				{
					"x" : 108.9910888671875,
					"y" : -26.512428283691406
				},
				{
					"x" : -108.9910888671875,
					"y" : -26.512428283691406
				}
			]
		},
		"BoxColliderEnabled" : true,
		"CircleColliderEnabled" : false,
		"CollidingEntity" : 0,
		"ResponseEnabled" : true
	},
	"Name" : "Platform",
	"RigidBody" : 
	{
		"RigidBodyAccelerationX" : 0.0,
		"RigidBodyAccelerationY" : -981.0,
		"RigidBodyAngularVelocity" : 0.0,
		"RigidBodyArea" : 11558.4736328125,
		"RigidBodyBodyType" : 0,
		"RigidBodyDensity" : 0.0,
		"RigidBodyForceX" : 0.0,
		"RigidBodyForceY" : 0.0,
		"RigidBodyInvMass" : 0.0,
		"RigidBodyMass" : 0.0,
		"RigidBodyRestitution" : 0.5,
		"RigidBodyVelocityX" : 0.0,
		"RigidBodyVelocityY" : 0.0,
		"RigidbodyGravityScale" : 0.0,
		"mDynamicFriction" : 0.40000000596046448,
		"mStaticFriction" : 0.60000002384185791
	},
	"Signature" : "00000000000000000000010000000111",
	"Sprite" : 
	{
		"AnimationIndex" : 0,
		"Layer" : 1,
		"SpriteColorX" : 0.60000002384185791,
		"SpriteColorY" : 0.60000002384185791,
		"SpriteColorZ" : 0.60000002384185791,
		"SpriteCurrentTexIndex" : 0,
		"SpriteFilename" : "",
		"SpriteName" : "Quad",
		"SpritePrimitiveType" : 5,
		"SpriteTexture" : 0,
		"SpriteTextureHeight" : 0,
		"SpriteTextureIndex" : 0,
		"SpriteTextureWidth" : 0,
		"SpriteTransformRotation" : 269.687744140625,
		"SpriteTransformScalingX" : 217.982177734375,
		"SpriteTransformScalingY" : 53.024856567382813,
		"SpriteTransformWorldPositionX" : 352.75167846679688,
		"SpriteTransformWorldPositionY" : -149.83071899414063,
		"animations" : []
	},
	"Transform" : 
	{
		"TransformRotation" : 269.687744140625,
		"TransformScalingX" : 217.982177734375,
		"TransformScalingY" : 53.024856567382813,
		"TransformWorldPositionX" : 352.75167846679688,
		"TransformWorldPositionY" : -149.83071899414063
	}
}