{
	"Name" : "Imported Entity",
	"Signature" : "00000000000000000000000000000011",
	"Sprite" : 
	{
		"AnimationIndex" : 0,
		"Layer" : 1,
		"SpriteColorA" : 1.0,
		"SpriteColorX" : 1.0,
		"SpriteColorY" : 1.0,
		"SpriteColorZ" : 1.0,
		"SpriteCurrentTexIndex" : 0,
		"SpriteFilename" : "Vines 02.png",
		"SpriteName" : "Quad",
		"SpritePrimitiveType" : 5,
		"SpriteTexture" : 42,
		"SpriteTextureHeight" : 1656,
		"SpriteTextureIndex" : 41,
		"SpriteTextureWidth" : 265,
		"SpriteTransformRotation" : 338.18063354492188,
		"SpriteTransformScalingX" : 265.00003051757812,
		"SpriteTransformScalingY" : 1656.000732421875,
		"SpriteTransformWorldPositionX" : 3203.551513671875,
		"SpriteTransformWorldPositionY" : 1863.5797119140625,
		"animations" : []
	},
	"Transform" : 
	{
		"TransformRotation" : 338.18063354492188,
		"TransformScalingX" : 265.00003051757812,
		"TransformScalingY" : 1656.000732421875,
		"TransformWorldPositionX" : 3203.551513671875,
		"TransformWorldPositionY" : 1863.5797119140625
	}
}