{
	"Collider" : 
	{
		"BoxCollider" : 
		{
			"BoxColliderCenter" : 
			{
				"X" : 186.257080078125,
				"Y" : -184.25001525878906
			},
			"BoxColliderOffset" : 
			{
				"X" : 0.0,
				"Y" : 0.0
			},
			"BoxColliderSizeScale" : 
			{
				"X" : 1.0,
				"Y" : 1.0
			},
			"BoxColliderVertices" : 
			[
				{
					"x" : -144.68521118164063,
					"y" : 141.923828125
				},
				{
					"x" : 144.68521118164063,
					"y" : 141.923828125
				},
				{
					"x" : 144.68521118164063,
					"y" : -141.923828125
				},
				{
					"x" : -144.68521118164063,
					"y" : -141.923828125
				}
			]
		},
		"BoxColliderEnabled" : true,
		"CircleColliderEnabled" : false,
		"CollidingEntity" : 0,
		"ResponseEnabled" : true
	},
	"Name" : "Platform",
	"RigidBody" : 
	{
		"RigidBodyAccelerationX" : 0.0,
		"RigidBodyAccelerationY" : -981.0,
		"RigidBodyAngularVelocity" : 0.0,
		"RigidBodyArea" : 82137.1171875,
		"RigidBodyBodyType" : 0,
		"RigidBodyDensity" : 0.0,
		"RigidBodyForceX" : 0.0,
		"RigidBodyForceY" : 0.0,
		"RigidBodyInvMass" : 0.0,
		"RigidBodyMass" : 0.0,
		"RigidBodyRestitution" : 0.5,
		"RigidBodyVelocityX" : 0.0,
		"RigidBodyVelocityY" : 0.0,
		"RigidbodyGravityScale" : 0.0,
		"mDynamicFriction" : 0.40000000596046448,
		"mStaticFriction" : 0.60000002384185791
	},
	"Signature" : "00000000000000000000010000000111",
	"Sprite" : 
	{
		"AnimationIndex" : 0,
		"Layer" : 1,
		"SpriteColorX" : 0.60000002384185791,
		"SpriteColorY" : 0.60000002384185791,
		"SpriteColorZ" : 0.60000002384185791,
		"SpriteCurrentTexIndex" : 0,
		"SpriteFilename" : "",
		"SpriteName" : "Quad",
		"SpritePrimitiveType" : 5,
		"SpriteTexture" : 0,
		"SpriteTextureHeight" : 0,
		"SpriteTextureIndex" : 0,
		"SpriteTextureWidth" : 0,
		"SpriteTransformRotation" : 310.7921142578125,
		"SpriteTransformScalingX" : 289.37042236328125,
		"SpriteTransformScalingY" : 283.84765625,
		"SpriteTransformWorldPositionX" : 186.257080078125,
		"SpriteTransformWorldPositionY" : -184.25001525878906,
		"animations" : []
	},
	"Transform" : 
	{
		"TransformRotation" : 310.7921142578125,
		"TransformScalingX" : 289.37042236328125,
		"TransformScalingY" : 283.84765625,
		"TransformWorldPositionX" : 186.257080078125,
		"TransformWorldPositionY" : -184.25001525878906
	}
}