{
	"Collider" : 
	{
		"BoxCollider" : 
		{
			"BoxColliderCenter" : 
			{
				"X" : -1879.048095703125,
				"Y" : -586.0643310546875
			},
			"BoxColliderOffset" : 
			{
				"X" : 0.0,
				"Y" : 0.0
			},
			"BoxColliderSizeScale" : 
			{
				"X" : 0.80000001192092896,
				"Y" : 0.80000001192092896
			},
			"BoxColliderVertices" : 
			[
				{
					"x" : -82.694236755371094,
					"y" : 170.24003601074219
				},
				{
					"x" : 82.694236755371094,
					"y" : 170.24003601074219
				},
				{
					"x" : 82.694236755371094,
					"y" : -170.24003601074219
				},
				{
					"x" : -82.694236755371094,
					"y" : -170.24003601074219
				}
			]
		},
		"BoxColliderEnabled" : true,
		"CircleColliderEnabled" : false,
		"ResponseEnabled" : true
	},
	"Name" : "Boss Projectile Spikes",
	"RigidBody" : 
	{
		"RigidBodyAccelerationX" : 0.0,
		"RigidBodyAccelerationY" : 0.0,
		"RigidBodyAngularVelocity" : 0.0,
		"RigidBodyArea" : 0.0,
		"RigidBodyBodyType" : 6,
		"RigidBodyDensity" : 0.0,
		"RigidBodyForceX" : 0.0,
		"RigidBodyForceY" : 0.0,
		"RigidBodyInvMass" : 9.9999998377515902e-18,
		"RigidBodyMass" : 99999998430674944.0,
		"RigidBodyRestitution" : 0.5,
		"RigidBodyVelocityX" : 0.0,
		"RigidBodyVelocityY" : 0.0,
		"RigidbodyGravityScale" : 1.0,
		"mDynamicFriction" : 0.40000000596046448,
		"mStaticFriction" : 0.60000002384185791
	},
	"Signature" : "00000000000000000000010000000111",
	"Sprite" : 
	{
		"AnimationIndex" : 0,
		"Layer" : 3,
		"SpriteColorA" : 1.0,
		"SpriteColorX" : 1.0,
		"SpriteColorY" : 1.0,
		"SpriteColorZ" : 1.0,
		"SpriteCurrentTexIndex" : 0,
		"SpriteFilename" : "Cave_spikes_droppable.png",
		"SpriteName" : "Quad",
		"SpritePrimitiveType" : 5,
		"SpriteTexture" : 44,
		"SpriteTextureHeight" : 1078,
		"SpriteTextureIndex" : 27,
		"SpriteTextureWidth" : 566,
		"SpriteTransformRotation" : 270.0,
		"SpriteTransformScalingX" : 206.73558044433594,
		"SpriteTransformScalingY" : 425.60009765625,
		"SpriteTransformWorldPositionX" : -1879.048095703125,
		"SpriteTransformWorldPositionY" : -586.0643310546875,
		"animations" : []
	},
	"Transform" : 
	{
		"TransformRotation" : 270.0,
		"TransformScalingX" : 206.73558044433594,
		"TransformScalingY" : 425.60009765625,
		"TransformWorldPositionX" : -1879.048095703125,
		"TransformWorldPositionY" : -586.0643310546875
	}
}