{
	"Category" : 
	{
		"Category" : "Boss"
	},
	"Collider" : 
	{
		"BoxCollider" : 
		{
			"BoxColliderCenter" : 
			{
				"X" : 1500.825439453125,
				"Y" : 140.34332275390625
			},
			"BoxColliderOffset" : 
			{
				"X" : 0.0,
				"Y" : 0.0
			},
			"BoxColliderSizeScale" : 
			{
				"X" : 0.40000000596046448,
				"Y" : 0.40000000596046448
			},
			"BoxColliderVertices" : 
			[
				{
					"x" : -100.96772003173828,
					"y" : 58.963569641113281
				},
				{
					"x" : 100.96772003173828,
					"y" : 58.963569641113281
				},
				{
					"x" : 100.96772003173828,
					"y" : -58.963569641113281
				},
				{
					"x" : -100.96772003173828,
					"y" : -58.963569641113281
				}
			]
		},
		"BoxColliderEnabled" : true,
		"CircleColliderEnabled" : false,
		"ResponseEnabled" : true
	},
	"Name" : "BossIntroOther",
	"RigidBody" : 
	{
		"RigidBodyAccelerationX" : 0.0,
		"RigidBodyAccelerationY" : 0.0,
		"RigidBodyAngularVelocity" : 0.0,
		"RigidBodyArea" : 0.0,
		"RigidBodyBodyType" : 6,
		"RigidBodyDensity" : 0.0,
		"RigidBodyForceX" : 0.0,
		"RigidBodyForceY" : 0.0,
		"RigidBodyInvMass" : 9.9999998377515902e-18,
		"RigidBodyMass" : 99999998430674944.0,
		"RigidBodyRestitution" : 0.5,
		"RigidBodyVelocityX" : 0.0,
		"RigidBodyVelocityY" : 0.0,
		"RigidbodyGravityScale" : 1.0,
		"mDynamicFriction" : 0.40000000596046448,
		"mStaticFriction" : 0.60000002384185791
	},
	"Signature" : "00000000000000000010010000000111",
	"Sprite" : 
	{
		"AnimationIndex" : 0,
		"Layer" : 1,
		"SpriteColorA" : 1.0,
		"SpriteColorX" : 1.0,
		"SpriteColorY" : 1.0,
		"SpriteColorZ" : 1.0,
		"SpriteCurrentTexIndex" : 0,
		"SpriteFilename" : "BossIdle 4R4C.png",
		"SpriteName" : "Quad",
		"SpritePrimitiveType" : 5,
		"SpriteTexture" : 27,
		"SpriteTextureHeight" : 1196,
		"SpriteTextureIndex" : 10,
		"SpriteTextureWidth" : 2048,
		"SpriteTransformRotation" : 0.0,
		"SpriteTransformScalingX" : 504.83859252929688,
		"SpriteTransformScalingY" : 294.81784057617188,
		"SpriteTransformWorldPositionX" : 1500.825439453125,
		"SpriteTransformWorldPositionY" : 140.34332275390625,
		"animations" : 
		[
			{
				"Name" : "idle",
				"animation_duration" : 1.0,
				"frame_dimension_x" : 0.25,
				"frame_dimension_y" : 0.25,
				"frame_index_x" : 2.0,
				"frame_index_y" : 2.0,
				"frame_timer" : 0.0085308998823165894,
				"time_per_frame" : 0.0625,
				"x_frames" : 4,
				"y_frames" : 4
			}
		]
	},
	"Transform" : 
	{
		"TransformRotation" : 0.0,
		"TransformScalingX" : 504.83859252929688,
		"TransformScalingY" : 294.81784057617188,
		"TransformWorldPositionX" : 1500.825439453125,
		"TransformWorldPositionY" : 140.34332275390625
	}
}