{
	"Category" : 
	{
		"Category" : "Boss"
	},
	"Collider" : 
	{
		"BoxCollider" : 
		{
			"BoxColliderCenter" : 
			{
				"X" : -3269.39453125,
				"Y" : -1491.523681640625
			},
			"BoxColliderOffset" : 
			{
				"X" : 0.0,
				"Y" : 0.0
			},
			"BoxColliderSizeScale" : 
			{
				"X" : 0.40000000596046448,
				"Y" : 0.40000000596046448
			},
			"BoxColliderVertices" : 
			[
				{
					"x" : -303.20635986328125,
					"y" : 177.06779479980469
				},
				{
					"x" : 303.20635986328125,
					"y" : 177.06779479980469
				},
				{
					"x" : 303.20635986328125,
					"y" : -177.06779479980469
				},
				{
					"x" : -303.20635986328125,
					"y" : -177.06779479980469
				}
			]
		},
		"BoxColliderEnabled" : true,
		"CircleColliderEnabled" : false,
		"ResponseEnabled" : true
	},
	"Name" : "BossGrab",
	"RigidBody" : 
	{
		"RigidBodyAccelerationX" : 0.0,
		"RigidBodyAccelerationY" : 0.0,
		"RigidBodyAngularVelocity" : 0.0,
		"RigidBodyArea" : 0.0,
		"RigidBodyBodyType" : 6,
		"RigidBodyDensity" : 0.0,
		"RigidBodyForceX" : 0.0,
		"RigidBodyForceY" : 0.0,
		"RigidBodyInvMass" : 9.9999998377515902e-18,
		"RigidBodyMass" : 99999998430674944.0,
		"RigidBodyRestitution" : 0.5,
		"RigidBodyVelocityX" : 0.0,
		"RigidBodyVelocityY" : 0.0,
		"RigidbodyGravityScale" : 1.0,
		"mDynamicFriction" : 0.40000000596046448,
		"mStaticFriction" : 0.60000002384185791
	},
	"Script" : 
	{
		"ScriptName" : "BossGrabEnd"
	},
	"Signature" : "00000000000000000010010000100111",
	"Sprite" : 
	{
		"AnimationIndex" : 0,
		"Layer" : 1,
		"SpriteColorA" : 1.0,
		"SpriteColorX" : 1.0,
		"SpriteColorY" : 1.0,
		"SpriteColorZ" : 1.0,
		"SpriteCurrentTexIndex" : 0,
		"SpriteFilename" : "BossGrab 6R4C.png",
		"SpriteName" : "Quad",
		"SpritePrimitiveType" : 5,
		"SpriteTexture" : 33,
		"SpriteTextureHeight" : 1794,
		"SpriteTextureIndex" : 16,
		"SpriteTextureWidth" : 2048,
		"SpriteTransformRotation" : 0.0,
		"SpriteTransformScalingX" : 1516.03173828125,
		"SpriteTransformScalingY" : 885.33892822265625,
		"SpriteTransformWorldPositionX" : -3269.39453125,
		"SpriteTransformWorldPositionY" : -1491.523681640625,
		"animations" : 
		[
			{
				"Name" : "grab",
				"animation_duration" : 1.0,
				"frame_dimension_x" : 0.25,
				"frame_dimension_y" : 0.1666666716337204,
				"frame_index_x" : 1.0,
				"frame_index_y" : 1.0,
				"frame_timer" : 0.0083333365619182587,
				"time_per_frame" : 0.041666667908430099,
				"x_frames" : 4,
				"y_frames" : 6
			}
		]
	},
	"Transform" : 
	{
		"TransformRotation" : 0.0,
		"TransformScalingX" : 1516.03173828125,
		"TransformScalingY" : 885.33892822265625,
		"TransformWorldPositionX" : -3269.39453125,
		"TransformWorldPositionY" : -1491.523681640625
	}
}