{
	"Collider" : 
	{
		"BoxCollider" : 
		{
			"BoxColliderCenter" : 
			{
				"X" : -672.17974853515625,
				"Y" : -396.7471923828125
			},
			"BoxColliderOffset" : 
			{
				"X" : 11.699999809265137,
				"Y" : -46.799999237060547
			},
			"BoxColliderSizeScale" : 
			{
				"X" : 0.67000001668930054,
				"Y" : 0.23000000417232513
			},
			"BoxColliderVertices" : 
			[
				{
					"x" : -383.24002075195312,
					"y" : 131.55999755859375
				},
				{
					"x" : 383.24002075195312,
					"y" : 131.55999755859375
				},
				{
					"x" : 383.24002075195312,
					"y" : -131.55999755859375
				},
				{
					"x" : -383.24002075195312,
					"y" : -131.55999755859375
				}
			]
		},
		"BoxColliderEnabled" : true,
		"CircleColliderEnabled" : false,
		"ResponseEnabled" : true
	},
	"Name" : "Cave_platform_wide",
	"RigidBody" : 
	{
		"RigidBodyAccelerationX" : 0.0,
		"RigidBodyAccelerationY" : 0.0,
		"RigidBodyAngularVelocity" : 0.0,
		"RigidBodyArea" : 0.0,
		"RigidBodyBodyType" : 0,
		"RigidBodyDensity" : 0.0,
		"RigidBodyForceX" : 0.0,
		"RigidBodyForceY" : 0.0,
		"RigidBodyInvMass" : 1.0,
		"RigidBodyMass" : 1.0,
		"RigidBodyRestitution" : 0.5,
		"RigidBodyVelocityX" : 0.0,
		"RigidBodyVelocityY" : 0.0,
		"RigidbodyGravityScale" : 1.0,
		"mDynamicFriction" : 0.40000000596046448,
		"mStaticFriction" : 0.60000002384185791
	},
	"Signature" : "00000000000000000000010000000111",
	"Sprite" : 
	{
		"AnimationIndex" : 0,
		"Layer" : 1,
		"SpriteColorA" : 1.0,
		"SpriteColorX" : 1.0,
		"SpriteColorY" : 1.0,
		"SpriteColorZ" : 1.0,
		"SpriteCurrentTexIndex" : 0,
		"SpriteFilename" : "Cave_platform_wide.png",
		"SpriteName" : "Quad",
		"SpritePrimitiveType" : 5,
		"SpriteTexture" : 12,
		"SpriteTextureHeight" : 2080,
		"SpriteTextureIndex" : 11,
		"SpriteTextureWidth" : 2080,
		"SpriteTransformRotation" : 0.0,
		"SpriteTransformScalingX" : 1144.0,
		"SpriteTransformScalingY" : 1144.0,
		"SpriteTransformWorldPositionX" : -683.8797607421875,
		"SpriteTransformWorldPositionY" : -349.94720458984375,
		"animations" : []
	},
	"Transform" : 
	{
		"TransformRotation" : 0.0,
		"TransformScalingX" : 1144.0,
		"TransformScalingY" : 1144.0,
		"TransformWorldPositionX" : -683.8797607421875,
		"TransformWorldPositionY" : -349.94720458984375
	}
}