{
	"Collider" : 
	{
		"BoxCollider" : 
		{
			"BoxColliderCenter" : 
			{
				"X" : -2054.234619140625,
				"Y" : 988.7078857421875
			},
			"BoxColliderOffset" : 
			{
				"X" : 0.0,
				"Y" : -16.100000381469727
			},
			"BoxColliderSizeScale" : 
			{
				"X" : 0.89999997615814209,
				"Y" : 0.85000002384185791
			},
			"BoxColliderVertices" : 
			[
				{
					"x" : -333.2252197265625,
					"y" : 120.06238555908203
				},
				{
					"x" : 333.2252197265625,
					"y" : 120.06238555908203
				},
				{
					"x" : 333.2252197265625,
					"y" : -120.06238555908203
				},
				{
					"x" : -333.2252197265625,
					"y" : -120.06238555908203
				}
			]
		},
		"BoxColliderEnabled" : true,
		"CircleColliderEnabled" : false,
		"ResponseEnabled" : true
	},
	"Name" : "Floating Platform",
	"RigidBody" : 
	{
		"RigidBodyAccelerationX" : 0.0,
		"RigidBodyAccelerationY" : 0.0,
		"RigidBodyAngularVelocity" : 0.0,
		"RigidBodyArea" : 209191.1875,
		"RigidBodyBodyType" : 0,
		"RigidBodyDensity" : 0.0,
		"RigidBodyForceX" : 0.0,
		"RigidBodyForceY" : 0.0,
		"RigidBodyInvMass" : 0.0,
		"RigidBodyMass" : 0.0,
		"RigidBodyRestitution" : 0.5,
		"RigidBodyVelocityX" : 0.0,
		"RigidBodyVelocityY" : 0.0,
		"RigidbodyGravityScale" : 1.0,
		"mDynamicFriction" : 0.40000000596046448,
		"mStaticFriction" : 0.60000002384185791
	},
	"Signature" : "00000000000000000000010000000111",
	"Sprite" : 
	{
		"AnimationIndex" : 0,
		"Layer" : 1,
		"SpriteColorA" : 1.0,
		"SpriteColorX" : 1.0,
		"SpriteColorY" : 1.0,
		"SpriteColorZ" : 1.0,
		"SpriteCurrentTexIndex" : 0,
		"SpriteFilename" : "Platform01_Tileable.png",
		"SpriteName" : "Quad",
		"SpritePrimitiveType" : 5,
		"SpriteTexture" : 32,
		"SpriteTextureHeight" : 565,
		"SpriteTextureIndex" : 31,
		"SpriteTextureWidth" : 1481,
		"SpriteTransformRotation" : 1.2156982421875,
		"SpriteTransformScalingX" : 740.50048828125,
		"SpriteTransformScalingY" : 282.49972534179688,
		"SpriteTransformWorldPositionX" : -2054.234619140625,
		"SpriteTransformWorldPositionY" : 1004.807861328125,
		"animations" : []
	},
	"Transform" : 
	{
		"TransformRotation" : 1.2156982421875,
		"TransformScalingX" : 740.50048828125,
		"TransformScalingY" : 282.49972534179688,
		"TransformWorldPositionX" : -2054.234619140625,
		"TransformWorldPositionY" : 1004.807861328125
	}
}