{
	"Collider" : 
	{
		"BoxCollider" : 
		{
			"BoxColliderCenter" : 
			{
				"X" : -2102.95068359375,
				"Y" : -21.701517105102539
			},
			"BoxColliderOffset" : 
			{
				"X" : 0.0,
				"Y" : -16.100000381469727
			},
			"BoxColliderSizeScale" : 
			{
				"X" : 0.93999999761581421,
				"Y" : 0.85000002384185791
			},
			"BoxColliderVertices" : 
			[
				{
					"x" : -348.03515625,
					"y" : 120.06247711181641
				},
				{
					"x" : 348.03515625,
					"y" : 120.06247711181641
				},
				{
					"x" : 348.03515625,
					"y" : -120.06247711181641
				},
				{
					"x" : -348.03515625,
					"y" : -120.06247711181641
				}
			]
		},
		"BoxColliderEnabled" : true,
		"CircleColliderEnabled" : false,
		"CollidingEntity" : 20001,
		"ResponseEnabled" : true
	},
	"Name" : "Floating Platform",
	"RigidBody" : 
	{
		"RigidBodyAccelerationX" : 0.0,
		"RigidBodyAccelerationY" : 0.0,
		"RigidBodyAngularVelocity" : 0.0,
		"RigidBodyArea" : 209191.3125,
		"RigidBodyBodyType" : 0,
		"RigidBodyDensity" : 0.0,
		"RigidBodyForceX" : 0.0,
		"RigidBodyForceY" : 0.0,
		"RigidBodyInvMass" : 0.0,
		"RigidBodyMass" : 0.0,
		"RigidBodyRestitution" : 0.5,
		"RigidBodyVelocityX" : 0.0,
		"RigidBodyVelocityY" : 0.0,
		"RigidbodyGravityScale" : 1.0,
		"mDynamicFriction" : 0.40000000596046448,
		"mStaticFriction" : 0.60000002384185791
	},
	"Signature" : "00000000000000000000010000000111",
	"Sprite" : 
	{
		"AnimationIndex" : 0,
		"Layer" : 1,
		"SpriteColorX" : 0.60000002384185791,
		"SpriteColorY" : 0.60000002384185791,
		"SpriteColorZ" : 0.60000002384185791,
		"SpriteCurrentTexIndex" : 0,
		"SpriteFilename" : "Platform01_Tileable.png",
		"SpriteName" : "Quad",
		"SpritePrimitiveType" : 5,
		"SpriteTexture" : 17,
		"SpriteTextureHeight" : 565,
		"SpriteTextureIndex" : 16,
		"SpriteTextureWidth" : 1481,
		"SpriteTransformRotation" : 343.70187377929688,
		"SpriteTransformScalingX" : 740.5003662109375,
		"SpriteTransformScalingY" : 282.49993896484375,
		"SpriteTransformWorldPositionX" : -2102.95068359375,
		"SpriteTransformWorldPositionY" : -5.6015167236328125,
		"animations" : []
	},
	"Transform" : 
	{
		"TransformRotation" : 343.70187377929688,
		"TransformScalingX" : 740.5003662109375,
		"TransformScalingY" : 282.49993896484375,
		"TransformWorldPositionX" : -2102.95068359375,
		"TransformWorldPositionY" : -5.6015167236328125
	}
}