{
	"Category" : 
	{
		"Category" : "Ground"
	},
	"Collider" : 
	{
		"BoxCollider" : 
		{
			"BoxColliderCenter" : 
			{
				"X" : -2729.173583984375,
				"Y" : -1387.5406494140625
			},
			"BoxColliderOffset" : 
			{
				"X" : 17.299999237060547,
				"Y" : 30.799999237060547
			},
			"BoxColliderSizeScale" : 
			{
				"X" : 0.89999997615814209,
				"Y" : 0.69999998807907104
			},
			"BoxColliderVertices" : 
			[
				{
					"x" : -500.7291259765625,
					"y" : 141.04998779296875
				},
				{
					"x" : 500.7291259765625,
					"y" : 141.04998779296875
				},
				{
					"x" : 500.7291259765625,
					"y" : -141.04998779296875
				},
				{
					"x" : -500.7291259765625,
					"y" : -141.04998779296875
				}
			]
		},
		"BoxColliderEnabled" : true,
		"CircleColliderEnabled" : false,
		"ResponseEnabled" : true
	},
	"Name" : "Floor",
	"RigidBody" : 
	{
		"RigidBodyAccelerationX" : 0.0,
		"RigidBodyAccelerationY" : 0.0,
		"RigidBodyAngularVelocity" : 0.0,
		"RigidBodyArea" : 0.0,
		"RigidBodyBodyType" : 0,
		"RigidBodyDensity" : 0.0,
		"RigidBodyForceX" : 0.0,
		"RigidBodyForceY" : 0.0,
		"RigidBodyInvMass" : 9.9999998377515902e-18,
		"RigidBodyMass" : 99999998430674944.0,
		"RigidBodyRestitution" : 0.5,
		"RigidBodyVelocityX" : 0.0,
		"RigidBodyVelocityY" : 0.0,
		"RigidbodyGravityScale" : 1.0,
		"mDynamicFriction" : 0.40000000596046448,
		"mStaticFriction" : 0.60000002384185791
	},
	"Signature" : "00000000000000000010010000000111",
	"Sprite" : 
	{
		"AnimationIndex" : 0,
		"Layer" : 1,
		"SpriteColorA" : 1.0,
		"SpriteColorX" : 1.0,
		"SpriteColorY" : 1.0,
		"SpriteColorZ" : 1.0,
		"SpriteCurrentTexIndex" : 0,
		"SpriteFilename" : "PlatformBossLevel1.png",
		"SpriteName" : "Quad",
		"SpritePrimitiveType" : 5,
		"SpriteTexture" : 105,
		"SpriteTextureHeight" : 418,
		"SpriteTextureIndex" : 88,
		"SpriteTextureWidth" : 1024,
		"SpriteTransformRotation" : 0.0,
		"SpriteTransformScalingX" : 1112.7314453125,
		"SpriteTransformScalingY" : 402.99996948242188,
		"SpriteTransformWorldPositionX" : -2746.4736328125,
		"SpriteTransformWorldPositionY" : -1418.3406982421875,
		"animations" : []
	},
	"Transform" : 
	{
		"TransformRotation" : 0.0,
		"TransformScalingX" : 1112.7314453125,
		"TransformScalingY" : 402.99996948242188,
		"TransformWorldPositionX" : -2746.4736328125,
		"TransformWorldPositionY" : -1418.3406982421875
	}
}