{
	"Collider" : 
	{
		"BoxCollider" : 
		{
			"BoxColliderCenter" : 
			{
				"X" : -3780.10107421875,
				"Y" : 2839.09521484375
			},
			"BoxColliderOffset" : 
			{
				"X" : 0.0,
				"Y" : 0.0
			},
			"BoxColliderSizeScale" : 
			{
				"X" : 1.0,
				"Y" : 1.0
			},
			"BoxColliderVertices" : 
			[
				{
					"x" : -229.37139892578125,
					"y" : 231.40838623046875
				},
				{
					"x" : 229.37139892578125,
					"y" : 231.40838623046875
				},
				{
					"x" : 229.37139892578125,
					"y" : -231.40838623046875
				},
				{
					"x" : -229.37139892578125,
					"y" : -231.40838623046875
				}
			]
		},
		"BoxColliderEnabled" : true,
		"CircleColliderEnabled" : false,
		"ResponseEnabled" : true
	},
	"Name" : "FogBlockade2",
	"RigidBody" : 
	{
		"RigidBodyAccelerationX" : 0.0,
		"RigidBodyAccelerationY" : 0.0,
		"RigidBodyAngularVelocity" : 0.0,
		"RigidBodyArea" : 0.0,
		"RigidBodyBodyType" : 0,
		"RigidBodyDensity" : 0.0,
		"RigidBodyForceX" : 0.0,
		"RigidBodyForceY" : 0.0,
		"RigidBodyInvMass" : 1.0,
		"RigidBodyMass" : 1.0,
		"RigidBodyRestitution" : 0.5,
		"RigidBodyVelocityX" : 0.0,
		"RigidBodyVelocityY" : 0.0,
		"RigidbodyGravityScale" : 1.0,
		"mDynamicFriction" : 0.40000000596046448,
		"mStaticFriction" : 0.60000002384185791
	},
	"Script" : 
	{
		"ScriptName" : "FogBlockade2"
	},
	"Signature" : "00000000000000000000010000100111",
	"Sprite" : 
	{
		"AnimationIndex" : 0,
		"Layer" : 1,
		"SpriteColorA" : 0.0,
		"SpriteColorX" : 0.31764706969261169,
		"SpriteColorY" : 0.27843138575553894,
		"SpriteColorZ" : 0.27843138575553894,
		"SpriteCurrentTexIndex" : 0,
		"SpriteFilename" : "",
		"SpriteName" : "Quad",
		"SpritePrimitiveType" : 5,
		"SpriteTexture" : 0,
		"SpriteTextureHeight" : 0,
		"SpriteTextureIndex" : 0,
		"SpriteTextureWidth" : 0,
		"SpriteTransformRotation" : 0.0,
		"SpriteTransformScalingX" : 458.7427978515625,
		"SpriteTransformScalingY" : 462.8167724609375,
		"SpriteTransformWorldPositionX" : -3780.10107421875,
		"SpriteTransformWorldPositionY" : 2839.09521484375,
		"animations" : []
	},
	"Transform" : 
	{
		"TransformRotation" : 0.0,
		"TransformScalingX" : 458.7427978515625,
		"TransformScalingY" : 462.8167724609375,
		"TransformWorldPositionX" : -3780.10107421875,
		"TransformWorldPositionY" : 2839.09521484375
	}
}