{
	"Collider" : 
	{
		"BoxCollider" : 
		{
			"BoxColliderCenter" : 
			{
				"X" : 287.72479248046875,
				"Y" : 2515.828125
			},
			"BoxColliderOffset" : 
			{
				"X" : 0.0,
				"Y" : 0.0
			},
			"BoxColliderSizeScale" : 
			{
				"X" : 1.0,
				"Y" : 1.0
			},
			"BoxColliderVertices" : 
			[
				{
					"x" : -140.91999816894531,
					"y" : 120.89999389648438
				},
				{
					"x" : 140.91999816894531,
					"y" : 120.89999389648438
				},
				{
					"x" : 140.91999816894531,
					"y" : -120.89999389648438
				},
				{
					"x" : -140.91999816894531,
					"y" : -120.89999389648438
				}
			]
		},
		"BoxColliderEnabled" : true,
		"CircleColliderEnabled" : false,
		"ResponseEnabled" : true
	},
	"Light" : 
	{
		"LightHue" : 
		{
			"B" : 1.0,
			"G" : 1.0,
			"R" : 1.0
		},
		"LightIntensity" : 1.0,
		"LightOffset" : 
		{
			"X" : 0.0,
			"Y" : 0.0
		},
		"LightRender" : true,
		"LightSize" : 864.0
	},
	"Name" : "Fragment",
	"Script" : 
	{
		"ScriptName" : "FragmentScript"
	},
	"Signature" : "00000000000000000001010000100011",
	"Sprite" : 
	{
		"AnimationIndex" : 0,
		"Layer" : 1,
		"SpriteColorA" : 1.0,
		"SpriteColorX" : 1.0,
		"SpriteColorY" : 1.0,
		"SpriteColorZ" : 1.0,
		"SpriteCurrentTexIndex" : 0,
		"SpriteFilename" : "fragment_anim 4R3C.png",
		"SpriteName" : "Quad",
		"SpritePrimitiveType" : 5,
		"SpriteTexture" : 19,
		"SpriteTextureHeight" : 1860,
		"SpriteTextureIndex" : 18,
		"SpriteTextureWidth" : 1626,
		"SpriteTransformRotation" : 0.0,
		"SpriteTransformScalingX" : 281.83999633789062,
		"SpriteTransformScalingY" : 241.79998779296875,
		"SpriteTransformWorldPositionX" : 287.72479248046875,
		"SpriteTransformWorldPositionY" : 2515.828125,
		"animations" : 
		[
			{
				"Name" : "Frag",
				"animation_duration" : 1.0,
				"frame_dimension_x" : 0.3333333432674408,
				"frame_dimension_y" : 0.25,
				"frame_index_x" : 2.0,
				"frame_index_y" : 3.0,
				"frame_timer" : 0.070899240672588348,
				"time_per_frame" : 0.083333335816860199,
				"x_frames" : 3,
				"y_frames" : 4
			}
		]
	},
	"Transform" : 
	{
		"TransformRotation" : 0.0,
		"TransformScalingX" : 281.83999633789062,
		"TransformScalingY" : 241.79998779296875,
		"TransformWorldPositionX" : 287.72479248046875,
		"TransformWorldPositionY" : 2515.828125
	}
}