{
	"Collider" : 
	{
		"BoxCollider" : 
		{
			"BoxColliderCenter" : 
			{
				"X" : 104.36773681640625,
				"Y" : 1397.082275390625
			},
			"BoxColliderOffset" : 
			{
				"X" : 0.0,
				"Y" : 0.0
			},
			"BoxColliderSizeScale" : 
			{
				"X" : 0.60000002384185791,
				"Y" : 0.5
			},
			"BoxColliderVertices" : 
			[
				{
					"x" : -222.15020751953125,
					"y" : 70.625
				},
				{
					"x" : 222.15020751953125,
					"y" : 70.625
				},
				{
					"x" : 222.15020751953125,
					"y" : -70.625
				},
				{
					"x" : -222.15020751953125,
					"y" : -70.625
				}
			]
		},
		"BoxColliderEnabled" : true,
		"CircleColliderEnabled" : false,
		"CollidingEntity" : 20001,
		"ResponseEnabled" : true
	},
	"Name" : "Gitchy Platform",
	"RigidBody" : 
	{
		"RigidBodyAccelerationX" : 0.0,
		"RigidBodyAccelerationY" : 0.0,
		"RigidBodyAngularVelocity" : 0.0,
		"RigidBodyArea" : 209191.4375,
		"RigidBodyBodyType" : 0,
		"RigidBodyDensity" : 0.0,
		"RigidBodyForceX" : 0.0,
		"RigidBodyForceY" : 0.0,
		"RigidBodyInvMass" : 0.0,
		"RigidBodyMass" : 0.0,
		"RigidBodyRestitution" : 0.5,
		"RigidBodyVelocityX" : 0.0,
		"RigidBodyVelocityY" : 0.0,
		"RigidbodyGravityScale" : 1.0,
		"mDynamicFriction" : 0.40000000596046448,
		"mStaticFriction" : 0.60000002384185791
	},
	"Signature" : "00000000000000000000010000000111",
	"Sprite" : 
	{
		"AnimationIndex" : 0,
		"Layer" : 1,
		"SpriteColorX" : 0.60000002384185791,
		"SpriteColorY" : 0.60000002384185791,
		"SpriteColorZ" : 0.60000002384185791,
		"SpriteCurrentTexIndex" : 0,
		"SpriteFilename" : "glitched_platform_vfx 2R6C.png",
		"SpriteName" : "Quad",
		"SpritePrimitiveType" : 5,
		"SpriteTexture" : 6,
		"SpriteTextureHeight" : 594,
		"SpriteTextureIndex" : 5,
		"SpriteTextureWidth" : 4092,
		"SpriteTransformRotation" : 16.387237548828125,
		"SpriteTransformScalingX" : 740.50067138671875,
		"SpriteTransformScalingY" : 282.5,
		"SpriteTransformWorldPositionX" : 104.36773681640625,
		"SpriteTransformWorldPositionY" : 1397.082275390625,
		"animations" : 
		[
			{
				"Name" : "Glitch",
				"animation_duration" : 2.0,
				"frame_dimension_x" : 0.1666666716337204,
				"frame_dimension_y" : 0.5,
				"frame_index_x" : 5.0,
				"frame_index_y" : 1.0,
				"frame_timer" : 0.073781758546829224,
				"time_per_frame" : 0.1666666716337204,
				"x_frames" : 6,
				"y_frames" : 2
			}
		]
	},
	"Transform" : 
	{
		"TransformRotation" : 16.387237548828125,
		"TransformScalingX" : 740.50067138671875,
		"TransformScalingY" : 282.5,
		"TransformWorldPositionX" : 104.36773681640625,
		"TransformWorldPositionY" : 1397.082275390625
	}
}