{
	"Collider" : 
	{
		"BoxCollider" : 
		{
			"BoxColliderCenter" : 
			{
				"X" : 1282.5489501953125,
				"Y" : -16.479084014892578
			},
			"BoxColliderOffset" : 
			{
				"X" : 0.0,
				"Y" : 0.0
			},
			"BoxColliderSizeScale" : 
			{
				"X" : 1.0,
				"Y" : 1.0
			},
			"BoxColliderVertices" : 
			[
				{
					"x" : -51.890552520751953,
					"y" : 12.56721019744873
				},
				{
					"x" : 51.890552520751953,
					"y" : 12.56721019744873
				},
				{
					"x" : 51.890552520751953,
					"y" : -12.56721019744873
				},
				{
					"x" : -51.890552520751953,
					"y" : -12.56721019744873
				}
			]
		},
		"BoxColliderEnabled" : true,
		"CircleColliderEnabled" : false,
		"ResponseEnabled" : true
	},
	"Name" : "Invis Wall",
	"RigidBody" : 
	{
		"RigidBodyAccelerationX" : 0.0,
		"RigidBodyAccelerationY" : 0.0,
		"RigidBodyAngularVelocity" : 0.0,
		"RigidBodyArea" : 0.0,
		"RigidBodyBodyType" : 0,
		"RigidBodyDensity" : 0.0,
		"RigidBodyForceX" : 0.0,
		"RigidBodyForceY" : 0.0,
		"RigidBodyInvMass" : 1.0,
		"RigidBodyMass" : 1.0,
		"RigidBodyRestitution" : 0.5,
		"RigidBodyVelocityX" : 0.0,
		"RigidBodyVelocityY" : 0.0,
		"RigidbodyGravityScale" : 1.0,
		"mDynamicFriction" : 0.40000000596046448,
		"mStaticFriction" : 0.60000002384185791
	},
	"Script" : 
	{
		"ScriptName" : "StoneCollider"
	},
	"Signature" : "00000000000000000000010000100111",
	"Sprite" : 
	{
		"AnimationIndex" : 0,
		"Layer" : 1,
		"SpriteColorA" : 1.0,
		"SpriteColorX" : 1.0,
		"SpriteColorY" : 1.0,
		"SpriteColorZ" : 1.0,
		"SpriteCurrentTexIndex" : 0,
		"SpriteFilename" : "transparent.png",
		"SpriteName" : "Quad",
		"SpritePrimitiveType" : 5,
		"SpriteTexture" : 81,
		"SpriteTextureHeight" : 32,
		"SpriteTextureIndex" : 80,
		"SpriteTextureWidth" : 32,
		"SpriteTransformRotation" : 25.7967529296875,
		"SpriteTransformScalingX" : 103.78110504150391,
		"SpriteTransformScalingY" : 25.134420394897461,
		"SpriteTransformWorldPositionX" : 1282.5489501953125,
		"SpriteTransformWorldPositionY" : -16.479084014892578,
		"animations" : []
	},
	"Transform" : 
	{
		"TransformRotation" : 25.7967529296875,
		"TransformScalingX" : 103.78110504150391,
		"TransformScalingY" : 25.134420394897461,
		"TransformWorldPositionX" : 1282.5489501953125,
		"TransformWorldPositionY" : -16.479084014892578
	}
}