{
	"Collider" : 
	{
		"BoxCollider" : 
		{
			"BoxColliderCenter" : 
			{
				"X" : -1332.6192626953125,
				"Y" : 945.4527587890625
			},
			"BoxColliderOffset" : 
			{
				"X" : 0.0,
				"Y" : 0.0
			},
			"BoxColliderSizeScale" : 
			{
				"X" : 1.0,
				"Y" : 1.0
			},
			"BoxColliderVertices" : 
			[
				{
					"x" : -569.49755859375,
					"y" : 141.92355346679688
				},
				{
					"x" : 569.49755859375,
					"y" : 141.92355346679688
				},
				{
					"x" : 569.49755859375,
					"y" : -141.92355346679688
				},
				{
					"x" : -569.49755859375,
					"y" : -141.92355346679688
				}
			]
		},
		"BoxColliderEnabled" : true,
		"CircleColliderEnabled" : false,
		"CollidingEntity" : 11,
		"ResponseEnabled" : true
	},
	"Name" : "Left Collider",
	"RigidBody" : 
	{
		"RigidBodyAccelerationX" : 0.0,
		"RigidBodyAccelerationY" : -981.0,
		"RigidBodyAngularVelocity" : 0.0,
		"RigidBodyArea" : 323300.46875,
		"RigidBodyBodyType" : 0,
		"RigidBodyDensity" : 0.0,
		"RigidBodyForceX" : 0.0,
		"RigidBodyForceY" : 0.0,
		"RigidBodyInvMass" : 0.0,
		"RigidBodyMass" : 0.0,
		"RigidBodyRestitution" : 0.5,
		"RigidBodyVelocityX" : 0.0,
		"RigidBodyVelocityY" : 0.0,
		"RigidbodyGravityScale" : 0.0,
		"mDynamicFriction" : 0.40000000596046448,
		"mStaticFriction" : 0.60000002384185791
	},
	"Signature" : "00000000000000000000010000000111",
	"Sprite" : 
	{
		"AnimationIndex" : 0,
		"Layer" : 1,
		"SpriteColorX" : 0.46659186482429504,
		"SpriteColorY" : 0.49781054258346558,
		"SpriteColorZ" : 0.87763714790344238,
		"SpriteCurrentTexIndex" : 0,
		"SpriteFilename" : "",
		"SpriteName" : "Quad",
		"SpritePrimitiveType" : 5,
		"SpriteTexture" : 0,
		"SpriteTextureHeight" : 0,
		"SpriteTextureIndex" : 0,
		"SpriteTextureWidth" : 0,
		"SpriteTransformRotation" : 272.0,
		"SpriteTransformScalingX" : 1138.9951171875,
		"SpriteTransformScalingY" : 283.84710693359375,
		"SpriteTransformWorldPositionX" : -1332.6192626953125,
		"SpriteTransformWorldPositionY" : 945.4527587890625,
		"animations" : []
	},
	"Transform" : 
	{
		"TransformRotation" : 272.0,
		"TransformScalingX" : 1138.9951171875,
		"TransformScalingY" : 283.84710693359375,
		"TransformWorldPositionX" : -1332.6192626953125,
		"TransformWorldPositionY" : 945.4527587890625
	}
}