{
	"Collider" : 
	{
		"BoxCollider" : 
		{
			"BoxColliderCenter" : 
			{
				"X" : 2808.317626953125,
				"Y" : -22.814472198486328
			},
			"BoxColliderOffset" : 
			{
				"X" : 0.0,
				"Y" : -49.700000762939453
			},
			"BoxColliderSizeScale" : 
			{
				"X" : 0.77999997138977051,
				"Y" : 0.93000000715255737
			},
			"BoxColliderVertices" : 
			[
				{
					"x" : -365.478759765625,
					"y" : 846.64532470703125
				},
				{
					"x" : 365.478759765625,
					"y" : 846.64532470703125
				},
				{
					"x" : 365.478759765625,
					"y" : -846.64532470703125
				},
				{
					"x" : -365.478759765625,
					"y" : -846.64532470703125
				}
			]
		},
		"BoxColliderEnabled" : true,
		"CircleColliderEnabled" : false,
		"ResponseEnabled" : true
	},
	"Name" : "LongAndTallPlatform",
	"RigidBody" : 
	{
		"RigidBodyAccelerationX" : 0.0,
		"RigidBodyAccelerationY" : -981.0,
		"RigidBodyAngularVelocity" : 0.0,
		"RigidBodyArea" : 1283167.375,
		"RigidBodyBodyType" : 0,
		"RigidBodyDensity" : 0.0,
		"RigidBodyForceX" : 0.0,
		"RigidBodyForceY" : 0.0,
		"RigidBodyInvMass" : 0.0,
		"RigidBodyMass" : 0.0,
		"RigidBodyRestitution" : 0.5,
		"RigidBodyVelocityX" : 0.0,
		"RigidBodyVelocityY" : 0.0,
		"RigidbodyGravityScale" : 0.0,
		"mDynamicFriction" : 0.40000000596046448,
		"mStaticFriction" : 0.60000002384185791
	},
	"Signature" : "00000000000000000000010000000111",
	"Sprite" : 
	{
		"AnimationIndex" : 0,
		"Layer" : 1,
		"SpriteColorX" : 1.0,
		"SpriteColorY" : 1.0,
		"SpriteColorZ" : 1.0,
		"SpriteCurrentTexIndex" : 0,
		"SpriteFilename" : "Platform03.png",
		"SpriteName" : "Quad",
		"SpritePrimitiveType" : 5,
		"SpriteTexture" : 23,
		"SpriteTextureHeight" : 1283,
		"SpriteTextureIndex" : 22,
		"SpriteTextureWidth" : 610,
		"SpriteTransformRotation" : 0.0,
		"SpriteTransformScalingX" : 937.12506103515625,
		"SpriteTransformScalingY" : 1820.74267578125,
		"SpriteTransformWorldPositionX" : 2808.317626953125,
		"SpriteTransformWorldPositionY" : 26.885528564453125,
		"animations" : []
	},
	"Transform" : 
	{
		"TransformRotation" : 0.0,
		"TransformScalingX" : 937.12506103515625,
		"TransformScalingY" : 1820.74267578125,
		"TransformWorldPositionX" : 2808.317626953125,
		"TransformWorldPositionY" : 26.885528564453125
	}
}