{
	"AudioEmitter" : 
	{
		"AudioFalloffFactor" : 1.0,
		"AudioIsLoop" : false,
		"AudioPitch" : 1.0,
		"AudioSoundName" : "FIREWORKS.wav",
		"AudioVolumeLevel" : 0.5
	},
	"Collider" : 
	{
		"BoxCollider" : 
		{
			"BoxColliderCenter" : 
			{
				"X" : -617.95538330078125,
				"Y" : 4634.7314453125
			},
			"BoxColliderOffset" : 
			{
				"X" : 0.0,
				"Y" : -28.299999237060547
			},
			"BoxColliderSizeScale" : 
			{
				"X" : 0.69999998807907104,
				"Y" : 0.80000001192092896
			},
			"BoxColliderVertices" : 
			[
				{
					"x" : -99.402923583984375,
					"y" : 152.07073974609375
				},
				{
					"x" : 99.402923583984375,
					"y" : 152.07073974609375
				},
				{
					"x" : 99.402923583984375,
					"y" : -152.07073974609375
				},
				{
					"x" : -99.402923583984375,
					"y" : -152.07073974609375
				}
			]
		},
		"BoxColliderEnabled" : true,
		"CircleColliderEnabled" : false,
		"ResponseEnabled" : false
	},
	"Light" : 
	{
		"LightHue" : 
		{
			"B" : 0.0,
			"G" : 0.55696201324462891,
			"R" : 1.0
		},
		"LightIntensity" : 0.80000001192092896,
		"LightOffset" : 
		{
			"X" : -2.2999999523162842,
			"Y" : 48.5
		},
		"LightRender" : false,
		"LightSize" : 1167.0
	},
	"Name" : "SavepointLantern",
	"RigidBody" : 
	{
		"RigidBodyAccelerationX" : 0.0,
		"RigidBodyAccelerationY" : -981.0,
		"RigidBodyAngularVelocity" : 0.0,
		"RigidBodyArea" : 107973.40625,
		"RigidBodyBodyType" : 6,
		"RigidBodyDensity" : 0.0,
		"RigidBodyForceX" : 0.0,
		"RigidBodyForceY" : 0.0,
		"RigidBodyInvMass" : 0.0,
		"RigidBodyMass" : 0.0,
		"RigidBodyRestitution" : 0.5,
		"RigidBodyVelocityX" : 0.0,
		"RigidBodyVelocityY" : 0.0,
		"RigidbodyGravityScale" : 1.0,
		"mDynamicFriction" : 0.40000000596046448,
		"mStaticFriction" : 0.60000002384185791
	},
	"Script" : 
	{
		"ScriptName" : "SavePointLantern"
	},
	"Signature" : "00000000000000000001010100100111",
	"Sprite" : 
	{
		"AnimationIndex" : 0,
		"Layer" : 1,
		"SpriteColorA" : 1.0,
		"SpriteColorX" : 1.0,
		"SpriteColorY" : 1.0,
		"SpriteColorZ" : 1.0,
		"SpriteCurrentTexIndex" : 0,
		"SpriteFilename" : "Prop_Lantern_NoLights.png",
		"SpriteName" : "Quad",
		"SpritePrimitiveType" : 5,
		"SpriteTexture" : 41,
		"SpriteTextureHeight" : 791,
		"SpriteTextureIndex" : 40,
		"SpriteTextureWidth" : 570,
		"SpriteTransformRotation" : 331.189697265625,
		"SpriteTransformScalingX" : 284.00836181640625,
		"SpriteTransformScalingY" : 380.17684936523438,
		"SpriteTransformWorldPositionX" : -617.95538330078125,
		"SpriteTransformWorldPositionY" : 4663.03125,
		"animations" : []
	},
	"Transform" : 
	{
		"TransformRotation" : 331.189697265625,
		"TransformScalingX" : 284.00836181640625,
		"TransformScalingY" : 380.17684936523438,
		"TransformWorldPositionX" : -617.95538330078125,
		"TransformWorldPositionY" : 4663.03125
	}
}