{
	"Collider" : 
	{
		"BoxCollider" : 
		{
			"BoxColliderCenter" : 
			{
				"X" : -609.125244140625,
				"Y" : -34.588882446289063
			},
			"BoxColliderOffset" : 
			{
				"X" : 0.0,
				"Y" : -28.299999237060547
			},
			"BoxColliderSizeScale" : 
			{
				"X" : 0.69999998807907104,
				"Y" : 0.80000001192092896
			},
			"BoxColliderVertices" : 
			[
				{
					"x" : -99.402839660644531,
					"y" : 152.07095336914063
				},
				{
					"x" : 99.402839660644531,
					"y" : 152.07095336914063
				},
				{
					"x" : 99.402839660644531,
					"y" : -152.07095336914063
				},
				{
					"x" : -99.402839660644531,
					"y" : -152.07095336914063
				}
			]
		},
		"BoxColliderEnabled" : true,
		"CircleColliderEnabled" : false,
		"CollidingEntity" : 20001,
		"ResponseEnabled" : false
	},
	"Name" : "SavepointLantern",
	"RigidBody" : 
	{
		"RigidBodyAccelerationX" : 0.0,
		"RigidBodyAccelerationY" : -981.0,
		"RigidBodyAngularVelocity" : 0.0,
		"RigidBodyArea" : 107973.4609375,
		"RigidBodyBodyType" : 6,
		"RigidBodyDensity" : 0.0,
		"RigidBodyForceX" : 0.0,
		"RigidBodyForceY" : 0.0,
		"RigidBodyInvMass" : 0.0,
		"RigidBodyMass" : 0.0,
		"RigidBodyRestitution" : 0.5,
		"RigidBodyVelocityX" : 0.0,
		"RigidBodyVelocityY" : 0.0,
		"RigidbodyGravityScale" : 1.0,
		"mDynamicFriction" : 0.40000000596046448,
		"mStaticFriction" : 0.60000002384185791
	},
	"Script" : 
	{
		"ScriptName" : "SavePointLantern"
	},
	"Signature" : "00000000000000000000010000100111",
	"Sprite" : 
	{
		"AnimationIndex" : 0,
		"Layer" : 1,
		"SpriteColorX" : 1.0,
		"SpriteColorY" : 1.0,
		"SpriteColorZ" : 1.0,
		"SpriteCurrentTexIndex" : 0,
		"SpriteFilename" : "Prop_Lantern_NoLights.png",
		"SpriteName" : "Quad",
		"SpritePrimitiveType" : 5,
		"SpriteTexture" : 25,
		"SpriteTextureHeight" : 791,
		"SpriteTextureIndex" : 24,
		"SpriteTextureWidth" : 570,
		"SpriteTransformRotation" : 0.0,
		"SpriteTransformScalingX" : 284.00811767578125,
		"SpriteTransformScalingY" : 380.1773681640625,
		"SpriteTransformWorldPositionX" : -609.125244140625,
		"SpriteTransformWorldPositionY" : -6.2888832092285156,
		"animations" : []
	},
	"Transform" : 
	{
		"TransformRotation" : 0.0,
		"TransformScalingX" : 284.00811767578125,
		"TransformScalingY" : 380.1773681640625,
		"TransformWorldPositionX" : -609.125244140625,
		"TransformWorldPositionY" : -6.2888832092285156
	}
}