{
	"Collider" : 
	{
		"BoxCollider" : 
		{
			"BoxColliderCenter" : 
			{
				"X" : 1419.8924560546875,
				"Y" : -172.08953857421875
			},
			"BoxColliderOffset" : 
			{
				"X" : -3.7000000476837158,
				"Y" : -20.399999618530273
			},
			"BoxColliderSizeScale" : 
			{
				"X" : 0.74000000953674316,
				"Y" : -0.89999997615814209
			},
			"BoxColliderVertices" : 
			[
				{
					"x" : -260.75729370117188,
					"y" : -311.22042846679688
				},
				{
					"x" : 260.75729370117188,
					"y" : -311.22042846679688
				},
				{
					"x" : 260.75729370117188,
					"y" : 311.22042846679688
				},
				{
					"x" : -260.75729370117188,
					"y" : 311.22042846679688
				}
			]
		},
		"BoxColliderEnabled" : true,
		"CircleColliderEnabled" : false,
		"ResponseEnabled" : true
	},
	"Name" : "SmallStumpyPlatform",
	"RigidBody" : 
	{
		"RigidBodyAccelerationX" : 0.0,
		"RigidBodyAccelerationY" : -981.0,
		"RigidBodyAngularVelocity" : 0.0,
		"RigidBodyArea" : 487405.40625,
		"RigidBodyBodyType" : 0,
		"RigidBodyDensity" : 0.0,
		"RigidBodyForceX" : 0.0,
		"RigidBodyForceY" : 0.0,
		"RigidBodyInvMass" : 0.0,
		"RigidBodyMass" : 0.0,
		"RigidBodyRestitution" : 0.5,
		"RigidBodyVelocityX" : 0.0,
		"RigidBodyVelocityY" : 0.0,
		"RigidbodyGravityScale" : 0.0,
		"mDynamicFriction" : 0.40000000596046448,
		"mStaticFriction" : 0.60000002384185791
	},
	"Signature" : "00000000000000000000010000000111",
	"Sprite" : 
	{
		"AnimationIndex" : 0,
		"Layer" : 1,
		"SpriteColorX" : 1.0,
		"SpriteColorY" : 1.0,
		"SpriteColorZ" : 1.0,
		"SpriteCurrentTexIndex" : 0,
		"SpriteFilename" : "Platform03.png",
		"SpriteName" : "Quad",
		"SpritePrimitiveType" : 5,
		"SpriteTexture" : 23,
		"SpriteTextureHeight" : 1283,
		"SpriteTextureIndex" : 22,
		"SpriteTextureWidth" : 610,
		"SpriteTransformRotation" : 0.0,
		"SpriteTransformScalingX" : 704.74945068359375,
		"SpriteTransformScalingY" : 691.6009521484375,
		"SpriteTransformWorldPositionX" : 1423.5924072265625,
		"SpriteTransformWorldPositionY" : -151.68954467773438,
		"animations" : []
	},
	"Transform" : 
	{
		"TransformRotation" : 0.0,
		"TransformScalingX" : 704.74945068359375,
		"TransformScalingY" : 691.6009521484375,
		"TransformWorldPositionX" : 1423.5924072265625,
		"TransformWorldPositionY" : -151.68954467773438
	}
}