{
	"Collider" : 
	{
		"BoxCollider" : 
		{
			"BoxColliderCenter" : 
			{
				"X" : -3924.830078125,
				"Y" : 3516.838623046875
			},
			"BoxColliderOffset" : 
			{
				"X" : 0.0,
				"Y" : 0.0
			},
			"BoxColliderSizeScale" : 
			{
				"X" : 1.0,
				"Y" : 1.0
			},
			"BoxColliderVertices" : 
			[
				{
					"x" : -234.82852172851562,
					"y" : 50.716716766357422
				},
				{
					"x" : 234.82852172851562,
					"y" : 50.716716766357422
				},
				{
					"x" : 234.82852172851562,
					"y" : -50.716716766357422
				},
				{
					"x" : -234.82852172851562,
					"y" : -50.716716766357422
				}
			]
		},
		"BoxColliderEnabled" : true,
		"CircleColliderEnabled" : false,
		"ResponseEnabled" : true
	},
	"Name" : "WoodFake",
	"RigidBody" : 
	{
		"RigidBodyAccelerationX" : 0.0,
		"RigidBodyAccelerationY" : -981.0,
		"RigidBodyAngularVelocity" : 0.0,
		"RigidBodyArea" : 94375.46875,
		"RigidBodyBodyType" : 0,
		"RigidBodyDensity" : 0.0,
		"RigidBodyForceX" : 0.0,
		"RigidBodyForceY" : 0.0,
		"RigidBodyInvMass" : 0.0,
		"RigidBodyMass" : 0.0,
		"RigidBodyRestitution" : 0.5,
		"RigidBodyVelocityX" : 0.0,
		"RigidBodyVelocityY" : 0.0,
		"RigidbodyGravityScale" : 0.0,
		"mDynamicFriction" : 0.40000000596046448,
		"mStaticFriction" : 0.60000002384185791
	},
	"Script" : 
	{
		"ScriptName" : "BreakableWalls"
	},
	"Signature" : "00000000000000000000010000100111",
	"Sprite" : 
	{
		"AnimationIndex" : 0,
		"Layer" : 1,
		"SpriteColorA" : 1.0,
		"SpriteColorX" : 1.0,
		"SpriteColorY" : 0.96768677234649658,
		"SpriteColorZ" : 0.48945146799087524,
		"SpriteCurrentTexIndex" : 0,
		"SpriteFilename" : "Environment without grass01.png",
		"SpriteName" : "Quad",
		"SpritePrimitiveType" : 5,
		"SpriteTexture" : 12,
		"SpriteTextureHeight" : 1152,
		"SpriteTextureIndex" : 11,
		"SpriteTextureWidth" : 476,
		"SpriteTransformRotation" : 0.020965576171875,
		"SpriteTransformScalingX" : 469.65704345703125,
		"SpriteTransformScalingY" : 101.43343353271484,
		"SpriteTransformWorldPositionX" : -3924.830078125,
		"SpriteTransformWorldPositionY" : 3516.838623046875,
		"animations" : []
	},
	"Transform" : 
	{
		"TransformRotation" : 0.020965576171875,
		"TransformScalingX" : 469.65704345703125,
		"TransformScalingY" : 101.43343353271484,
		"TransformWorldPositionX" : -3924.830078125,
		"TransformWorldPositionY" : 3516.838623046875
	}
}