{
	"AudioConfig" : 
	{
		"BGM" : 
		{
			"Mute" : false,
			"Volume" : -0.93706268072128296
		},
		"Master" : 
		{
			"Mute" : false,
			"Volume" : -0.93706268072128296
		},
		"SFX" : 
		{
			"Mute" : false,
			"Volume" : -0.93706268072128296
		}
	}
}